,METTL3,METTL14,METTL16,RBM15,RBM15B,WTAP,KIAA1429,CBLL1,ZC3H13,YTHDC1,YTHDC2,YTHDF1,YTHDF2,YTHDF3,IGF2BP1,IGF2BP2,IGF2BP3,HNRNPA2B1,HNRNPC,RBMX,FMR1,LRPPRC,ELAVL1,ALKBH5,FTO,Type
TCGA-L5-A4OR-11A,2.479976751,2.212466819,2.26092505,2.331687434,3.968229188,3.669300219,3.299177632,3.274869974,4.840653828,3.725799273,2.51526444,4.195930538,4.275586497,4.293128621,0.017898561,3.642401083,0.019147838,5.983509367,4.841854002,4.637402394,2.82472764,4.413822143,3.371370078,6.13201892,2.325670653,Normal
TCGA-L5-A4OG-11A,3.216380412,2.923372616,3.141207219,3.196426272,4.479598019,4.342774585,4.063859276,3.670864562,5.323319738,4.587733571,3.441089843,4.950552082,4.968347086,5.266566492,0.076794683,4.193888454,0.178434943,6.894918801,5.404203708,5.484546068,3.556625056,5.16014976,3.91778179,6.840935359,3.316197278,Normal
TCGA-L5-A4OQ-11A,3.95665775,3.971125998,4.348150705,4.254129014,5.560313523,5.580411494,4.763022825,4.819131362,6.598192291,5.18226758,4.295035099,5.996100139,5.873386785,6.305013214,0.006412482,3.421975121,0.198868855,7.598019209,6.477634391,6.486743823,4.351425741,5.67368253,5.124521188,8.005430425,5.048503409,Normal
TCGA-IC-A6RF-11A,3.403881652,2.892755999,3.507622007,3.654667332,5.783225539,4.785490519,3.850854823,3.832319544,5.075840134,4.922016616,3.955888762,5.734692023,5.929346103,5.238866348,3.381194373,5.65780458,0.16587505,7.252899049,6.390177668,6.145841408,3.73187676,5.627618565,5.00676293,7.382889305,3.291949798,Normal
TCGA-L5-A4OJ-11A,2.951607264,2.810024082,2.961782525,2.938531771,4.376786538,4.255760509,3.652422291,3.46488239,5.081383184,4.297226346,3.031700704,4.973980985,4.839675093,4.817293451,0.087069486,3.569033345,0.070301433,6.616147287,5.04316247,5.36534658,3.284357206,5.128163825,3.633186666,6.425178228,2.861187148,Normal
TCGA-IC-A6RE-11A,2.858018,2.476699767,2.904103131,3.111492137,5.361589954,4.345271353,3.453363406,3.492276522,4.313089597,4.333477703,3.300422141,4.988936096,5.452374292,4.985993905,0.056986986,1.568915089,1.204412868,6.525438127,5.927437258,4.991305632,3.240428029,4.565858003,4.326980271,6.592230428,2.828014796,Normal
TCGA-V5-A7RE-11A,3.200462399,3.285384086,3.340145608,4.008386006,5.128443423,5.481910325,4.236879877,3.590983011,4.665379742,4.776981922,3.647387802,6.001476669,5.726961621,5.468586969,1.022485499,6.289249468,3.119564376,7.689028269,6.238191231,6.3128236,4.229783851,6.073778438,4.652708001,6.599295189,3.299259217,Normal
TCGA-V5-AASX-11A,3.557399175,3.705329563,3.149230182,4.316395729,6.005433451,5.250811442,4.684426016,3.844400592,5.602889184,5.129558426,2.963747617,6.234984938,6.308862306,6.263933081,0.102583632,5.147045219,0.090790867,7.989720855,6.854467558,6.405558594,3.869156078,6.754346924,5.292627566,7.032968517,3.950153987,Normal
TCGA-L5-A4OF-11A,3.184351873,2.786112173,2.797749838,3.667487707,4.745099407,4.345788742,3.843865421,3.442681353,5.132076598,4.265943554,3.715436667,5.077176299,5.031269777,5.297425388,0.078408933,4.676730598,0.105785592,7.086425583,5.456066099,5.696745788,3.51769299,5.245446968,4.108785419,6.539527351,2.768241288,Normal
TCGA-L5-A4OO-11A,3.277204087,3.206555559,3.706921582,3.547282771,4.839153957,4.803470425,4.067302351,3.841246456,6.269226886,4.61586367,3.836121606,5.363463697,4.926038263,5.554829743,0,3.691392361,0.048941638,6.794810681,5.699016295,5.714502718,3.860410778,5.191059713,4.25243878,7.082044332,3.812820496,Normal
TCGA-L5-A43C-11A,2.56821118,2.502705173,2.801469988,2.34179049,4.439227667,4.003071007,3.55980916,3.525006857,5.078171898,4.017894268,2.513393225,4.510466524,4.536572066,4.503977866,0.036246077,3.499236549,0.046387276,6.2572156,5.09611127,5.132627606,2.67406847,4.548215014,3.462162437,6.689516184,2.594150795,Normal
TCGA-2H-A9GK-01A,3.454574683,2.82208493,2.887481275,4.424482253,5.395825049,5.661213656,4.281713642,3.705962768,4.654250985,4.922871825,3.685679346,6.24087024,5.917747911,5.15677613,0.11089227,6.1376135,2.799976464,7.99400506,6.511647629,6.003506547,3.97662028,5.383247183,4.535971397,5.76589691,3.206863244,Tumor
TCGA-LN-A4A4-01A,5.028863436,3.46976614,4.617966096,3.519451349,5.166730832,5.027670915,5.65626125,5.660451502,6.105315658,5.540690689,4.250316937,6.071349987,5.884021864,6.620904277,1.546910236,5.642639399,5.40819484,8.58717333,7.374466585,6.526191515,4.564138113,6.718055829,5.355266405,7.037352689,4.447241516,Tumor
TCGA-L5-A4OI-01A,3.852523244,3.57235271,3.624438054,4.231784407,5.504005246,5.379910831,4.614855318,4.681142561,5.580299592,5.014521557,4.261325371,6.246372996,6.225062381,6.302287643,0.070038378,5.03996649,2.003963739,7.898014305,6.799246715,6.200998558,4.191482334,6.594222828,5.541805792,6.047698507,2.982091276,Tumor
TCGA-L5-A4OM-01A,4.461662897,4.070971554,4.379804816,5.180530988,5.245419753,5.903723265,4.975180934,5.529672,6.039233898,5.882333748,4.216255796,6.148667044,6.590339891,6.489679638,0.684326958,6.524894929,0.487352515,8.086476421,7.079448995,7.071412921,5.851028929,6.623101722,5.612400598,6.554397588,4.600025208,Tumor
TCGA-L5-A4OG-01A,3.419112496,2.853012157,3.877786557,3.774700975,5.028727079,5.213935521,4.686160512,4.903420317,6.139888137,4.968992785,3.836619903,6.666063773,5.614294006,5.909646647,4.175533413,6.970309592,3.975123158,7.907595964,6.472732729,6.090425841,3.981628914,6.784266001,5.337150518,6.089803462,4.274930233,Tumor
TCGA-L5-A88Y-01A,2.843334508,2.574551492,2.774995385,3.280347051,4.937831557,4.44711213,3.565604568,3.997367531,4.820440717,4.433672863,3.482880016,5.956812079,5.425957757,5.367068981,0.0811468,4.450590706,2.250446846,7.181765078,5.762841679,5.239994168,3.202077132,5.134362898,4.526509681,5.620345417,2.79019182,Tumor
TCGA-R6-A6XQ-01B,3.022996667,2.525905034,3.817828005,3.297422443,5.576784554,4.937958995,3.848189188,4.167033459,4.923873865,4.371634502,3.459867315,6.204571221,5.568224858,5.205262807,3.232248836,5.840962323,3.106975802,7.726108886,6.483142257,6.756325364,4.769216092,5.678649514,5.255631367,6.097578251,3.45095664,Tumor
TCGA-ZR-A9CJ-01B,4.061717518,3.437674119,4.418274508,4.047088796,4.842407623,5.451644496,4.716274652,3.99702222,5.645958476,5.013251534,2.93664864,7.112390352,5.039220975,5.912916124,3.59657776,6.169628315,4.309844225,8.649900385,7.146602554,6.616861699,4.615973227,6.152813428,5.256329608,5.860867744,4.198722418,Tumor
TCGA-L5-A8NW-01A,3.736164579,3.186942926,3.58664866,4.003139085,5.293119848,4.782639117,4.503331613,4.765246234,5.139531808,5.240376184,4.489769107,6.116494162,5.809728149,5.690672509,0.113332505,5.343313267,2.644305251,7.646862323,6.135261124,5.887950959,4.508813757,5.49071234,4.605021331,5.743354926,3.549015181,Tumor
TCGA-S8-A6BV-01A,3.449220084,3.19115068,2.759848239,4.020912066,4.158967886,5.268746051,4.085753675,3.79125028,6.213269645,5.196247165,3.164801401,5.802345579,5.743591557,5.954749562,0.019396575,4.407597972,0.243054343,7.584303269,6.465384645,6.108494551,4.888736286,5.4129002,4.514096754,5.408433546,3.034518089,Tumor
TCGA-2H-A9GM-01A,3.707015682,2.932629901,3.848125074,3.881704166,5.643212978,5.489857504,4.239042569,4.259129991,5.598905775,5.643056226,3.868567576,7.10231157,5.976803077,6.276527156,3.964712242,4.828858412,3.69764701,8.162205927,6.854554515,6.658811947,4.497563426,6.200985461,5.403703533,5.571931151,3.598995552,Tumor
TCGA-LN-A4A5-01A,4.296327001,4.017203006,5.039337505,4.6894015,5.252553381,5.122139282,5.2256543,4.770850698,6.193916082,5.666118487,4.459911522,6.449289543,6.3495088,6.459645425,0.474474894,6.400479822,2.214428845,8.36117279,7.006789578,6.697016903,5.883481838,6.409128708,5.574415641,6.789882823,5.002133111,Tumor
TCGA-LN-A7HY-01A,4.204392308,3.377017353,3.883643478,3.510920886,5.332732822,5.621640627,4.066454619,3.853207471,5.057594259,5.224096623,3.22097256,6.808850567,5.384574465,5.388709611,3.780668592,4.838808171,1.43746456,7.579799941,7.080392991,6.335473654,3.951455321,5.732364376,5.31381107,6.869552049,3.946947717,Tumor
TCGA-2H-A9GL-01A,4.066079913,3.873675595,3.635330645,4.884136905,4.334110049,5.488324505,4.364535059,4.270389382,6.367831002,5.512178828,3.770801326,5.718484648,6.079715785,5.533956516,0.297930379,4.7504345,4.426193052,8.922413263,7.112391247,7.046898027,4.286118973,5.931814165,5.244891858,5.803323366,3.665196699,Tumor
TCGA-IG-A3YA-01A,4.142831238,3.997956665,3.865310816,4.56575114,5.700128654,5.55802093,4.911071542,4.577278243,5.287504958,5.590591596,4.091460695,5.910195646,6.660527158,5.948368406,0.075222477,3.329722244,4.102089486,8.196672974,7.230835272,6.851348488,5.042720869,5.994689224,5.469802644,6.493505596,4.280736399,Tumor
TCGA-JY-A6FB-01A,3.614192748,2.833053931,3.817968882,4.690293939,5.73044117,5.502941901,3.742938351,4.538546737,4.842732783,4.541488729,3.732783211,6.810408549,6.050293098,5.163216749,0.04546361,5.715611959,3.778398188,8.188286346,6.870481304,6.360124054,3.64297281,6.370908785,5.664246003,6.713268087,3.800869521,Tumor
TCGA-JY-A938-01A,4.388396816,3.830890801,3.431285904,4.493618295,5.962029779,4.886907608,4.87427947,4.450330154,5.840828601,5.340059267,3.769211442,6.342490106,6.508459055,5.850065787,0.578297436,6.28197135,3.207264606,8.548871797,6.910984263,7.003041487,4.991982276,6.649159274,4.910242752,6.025779883,3.108954169,Tumor
TCGA-LN-A49Y-01A,3.589868319,3.399369979,3.66584638,3.901559832,4.825628706,5.111296991,3.900657101,3.419458514,6.412121277,5.190157295,3.666814625,5.596362954,6.248741033,5.142198811,0.127386736,1.768634077,0.031332277,8.143792769,7.046984214,6.666461875,4.432816932,5.532010177,5.361584135,5.748170409,3.339226353,Tumor
TCGA-LN-A5U6-01A,3.891146766,3.646508602,3.642887489,4.297723477,5.377805168,5.723423422,4.856306699,4.444182921,6.004880648,5.155426419,3.176312107,6.20596191,6.152630418,5.40302772,0.050455873,7.385112071,3.173234163,8.092812545,7.274969258,6.4798007,4.272305482,6.261507814,5.411841114,6.765065409,3.83982196,Tumor
TCGA-L5-A88S-01A,3.120680831,2.783808278,3.865775973,3.649234016,5.226423658,5.514555698,4.069456979,3.917534666,5.199023764,4.409115778,3.519361955,6.250999129,5.592298309,5.466266685,0.300048187,4.251406949,2.160760384,7.197512223,6.477553393,5.913331009,3.856998121,5.052885042,5.07959669,6.469552419,4.078920243,Tumor
TCGA-JY-A6FD-01A,3.123051851,3.318575457,4.382021169,4.57061696,5.179203577,5.896199578,4.974306716,4.205751358,4.286953873,4.910402395,4.310363702,6.383734166,5.957120766,6.167485494,4.91352219,7.729415214,4.295220218,7.670644992,6.94172812,6.163106193,4.173662811,5.754495158,5.052203767,7.107119454,4.466101214,Tumor
TCGA-LN-A4A1-01A,4.279630851,2.718076558,2.946622312,3.560538428,4.228543824,4.941994945,4.952404061,5.34542715,5.582122958,4.528230355,3.788392249,6.078567057,6.328345576,5.802478395,0.166518804,3.585367326,2.621420297,7.727397472,6.675657997,6.115142389,4.480794556,5.923409116,5.112836805,5.983243506,3.713270239,Tumor
TCGA-JY-A6FA-01A,4.137969805,2.656249357,3.834443187,4.539066768,5.901076281,5.427096641,4.868577163,4.373681838,4.650794328,5.612125325,3.96943055,6.92185813,6.526809496,6.064522561,1.640575634,3.407820274,1.503613958,7.980275448,7.017381852,6.235289105,5.188435218,6.685852163,5.627910542,6.670854455,3.518285517,Tumor
TCGA-JY-A93C-01A,4.672570769,3.288794155,4.191863498,4.020662964,4.972891176,4.756489628,4.944805201,4.876312119,5.691700853,5.055526391,4.076931017,6.467027351,5.338603854,6.447415989,0.199588168,5.150584281,2.136919257,8.135108615,6.692725611,6.435843693,4.44749069,6.641586135,5.155419558,6.849325276,3.302359536,Tumor
TCGA-LN-A49O-01A,4.193577128,3.156336209,4.675348372,4.690345366,5.354119537,6.058731053,5.385434037,5.411692738,4.954523578,5.19112418,4.411121522,6.236397144,6.236977552,6.309690621,5.04205093,7.51703219,3.699854353,8.512937857,7.472003637,6.529945317,5.106343082,6.974933772,5.512424972,7.351292037,3.751727597,Tumor
TCGA-L7-A6VZ-01A,3.527744756,2.913649808,3.945769791,4.36054129,5.828171232,5.819607654,5.013977955,4.106314084,4.752633664,4.584146376,4.307919443,6.961613436,5.735891508,6.329778819,1.339162887,6.022941538,3.878666321,8.36383909,6.853851941,6.924462421,4.673255132,6.710718925,5.367775835,6.465655148,3.098015745,Tumor
TCGA-L5-A88Z-01A,3.398821053,3.113816185,3.982837512,3.343781425,5.188291578,4.324796168,4.211732328,4.15392626,5.544544009,4.946035602,3.892350712,6.109965824,5.351602442,5.699287479,0.066644812,5.266029987,1.127558271,7.68464466,6.907267787,6.366994299,3.970975941,6.414915311,5.188697503,6.696940972,3.883298154,Tumor
TCGA-R6-A6DN-01B,3.420791058,3.151576839,4.185899168,3.986288197,5.538074878,4.745862578,4.629518843,5.537235795,5.869967502,4.755061121,3.668711938,6.50864466,5.523809743,5.423274606,1.565267739,6.917246208,3.790945056,8.414614819,6.907979526,6.805840885,4.505705902,6.575745681,5.739976167,6.572708843,3.726708512,Tumor
TCGA-JY-A6FH-01A,3.955513901,2.974584086,3.372640216,4.8889375,6.42857685,4.728759612,4.544294046,3.998321489,5.865048157,4.90214289,3.515675183,6.781684721,5.698755882,6.069125842,0.218455141,5.089571454,0.081782287,8.15997128,7.178780431,6.587055021,4.609866608,6.256481542,5.538848099,6.478856942,3.106789433,Tumor
TCGA-L5-A8NU-01A,3.076703687,2.698748825,3.214876837,3.353078393,4.607842357,4.707243295,3.583896994,3.681907909,5.127305467,4.639844387,3.43216638,5.391376996,5.180804939,4.976498903,0.082496707,4.613940793,2.233122355,6.992299732,6.199472428,5.867224737,3.559622594,4.820638968,4.543813372,5.780843298,3.47486842,Tumor
TCGA-2H-A9GG-01A,3.571695901,3.464484294,3.137702059,3.351401439,4.566179056,4.470352131,4.354235394,3.494122883,6.20425456,5.026533107,2.63227554,5.437621989,5.427681138,4.506468352,0.607105317,3.611352319,2.372357645,7.655515578,6.387302843,6.136540958,4.212685346,4.742314756,4.90989431,5.656479537,3.551489322,Tumor
TCGA-IG-A625-01A,3.883241213,2.770178996,4.055049874,4.069410318,5.768241933,5.101225077,4.71335801,4.288431603,5.729760181,5.273061719,4.324421844,5.879173906,6.331664066,5.951479058,0.042906597,4.880072305,0.403903281,7.959142168,7.25816385,6.736948234,5.381731921,6.812846471,5.377752093,6.14837,4.31033406,Tumor
TCGA-LN-A49U-01A,4.763173639,3.547057977,4.28846033,4.256904167,5.464890821,5.345275783,4.942473722,4.908683807,6.250621605,4.800199394,3.815635371,5.983410005,6.314747792,6.030163242,0.589255063,5.760443108,4.233581206,8.783644297,7.562944719,6.791727536,4.739792247,6.48594323,5.676211944,6.667149296,4.55077309,Tumor
TCGA-V5-A7RE-01A,4.010056708,2.989682722,3.445763233,3.936473284,5.919897921,5.057047641,4.578148376,4.191563774,4.973973625,4.745012822,3.55214594,6.401238401,5.81625231,5.878740747,0.425800789,6.718974093,4.467936785,8.211762411,7.218707228,6.731154223,4.589042325,6.212843147,5.800344667,6.154728441,3.055937312,Tumor
TCGA-Q9-A6FW-01A,2.813998863,2.782757234,3.113378031,3.763906194,5.179008505,5.312151606,3.943496729,4.506868267,5.490924831,5.29363251,3.905292195,5.708101961,5.930352398,5.782246392,0.178733305,5.55351935,3.209754766,7.751662741,6.616680974,5.922203424,4.206748708,5.262164914,4.682438676,5.378599659,3.15606061,Tumor
TCGA-2H-A9GR-01A,3.593193448,2.732813353,3.341953123,3.604143052,4.735676405,4.669484932,3.577163347,4.200207338,5.840052827,4.723121445,3.083608084,5.762786968,5.348604457,4.388977284,0.598170618,4.949870061,0.287816949,7.86032462,6.344979923,6.307524756,4.035994358,5.872677719,4.817520796,5.670361489,2.69136422,Tumor
TCGA-VR-A8ER-01A,3.450804839,3.311777076,3.609470747,3.994190945,5.123936051,5.413996527,5.109793192,4.625011265,5.34341203,5.175354034,3.381791426,6.528068289,5.366878016,6.213179733,0.666200834,7.255012615,5.529305024,7.529854289,7.134017329,6.635268046,4.317627736,6.58219918,5.704729401,5.808239214,4.23556524,Tumor
TCGA-IG-A97H-01A,3.657533168,3.259320323,3.229100095,3.777004157,4.780677201,5.40863524,3.903302735,4.243315204,6.176234643,5.251468181,2.857959636,6.33576555,6.384135442,5.477229457,0.394205221,5.128635256,3.04873841,8.836793143,7.037795822,6.249861403,4.726983614,5.492882616,5.407416116,6.120737976,2.813734485,Tumor
TCGA-IG-A3I8-01A,4.921508041,3.88259702,4.89109375,4.767258403,5.507579244,6.037939716,5.210548699,5.166552019,6.490537213,5.505607713,4.007103091,7.164893043,6.351082939,6.566371699,3.851079648,6.21471482,1.078900926,8.650213946,7.321606962,7.2149826,5.213712043,6.249426375,6.042524296,7.030266019,4.797475762,Tumor
TCGA-L5-A8NL-01A,4.304074824,3.386305247,4.024991198,4.196360469,5.371542442,5.488427407,4.667230594,4.409616261,5.24970398,4.958871973,4.194315956,6.905814408,5.738300206,6.15386713,0.05502881,5.823314506,3.49604036,8.177007476,7.043928118,6.301562506,4.698732172,6.83161809,5.162292414,6.397717794,4.083212846,Tumor
TCGA-LN-A7HZ-01A,4.434776122,2.709541682,3.56546713,3.049014908,5.200768523,5.229536776,4.275321977,4.177925767,5.450335095,4.856527213,2.82504443,5.522244265,5.599364873,5.040346045,0.912757666,5.745929834,0.393027132,8.485221419,7.747564261,7.128490159,4.378994729,6.123000887,5.52921874,5.795171263,4.029168493,Tumor
TCGA-VR-A8ET-01A,3.118057643,2.897948772,3.095349608,3.343460599,4.339353435,4.833551501,4.29488744,3.904777614,5.1130671,4.594492516,4.115576098,5.879638833,5.619307017,5.649785408,0.312736013,6.439527453,3.221364636,8.035098057,6.537079256,5.965746427,4.342978773,5.640218261,4.284264237,4.586978865,3.050258863,Tumor
TCGA-L5-A88T-01A,3.221245519,2.850816585,3.401198973,3.420420012,5.478921444,4.709854408,3.871808338,3.799169464,5.094344845,4.60099435,3.836962217,5.425928627,5.673970508,5.290957884,0.287382071,3.293409306,1.70626398,6.890942825,6.133940476,5.596126323,3.560101026,5.32544047,4.566735404,5.980274279,3.270162486,Tumor
TCGA-L5-A43E-01A,4.786403254,3.382540922,2.677158397,4.456235418,5.7018551,4.766147395,5.24069573,4.961462843,6.214853211,5.195126014,3.476827446,5.961578941,6.225049209,6.943742702,0.064019465,6.391567456,0.09846817,7.825071459,6.820469763,6.534285468,4.187323531,5.976418916,4.670796714,5.815085514,2.993977512,Tumor
TCGA-IG-A4QS-01A,3.27989442,2.236427228,2.727730951,3.696977782,3.657486384,5.211682383,4.213284187,3.492077493,5.419260053,4.682308581,2.790498819,5.469745566,5.06231337,5.18455502,0.005835369,6.273863469,2.379415751,7.511543552,6.373447757,6.202133224,4.256885544,4.800733063,4.2821875,4.398557495,2.124386615,Tumor
TCGA-IG-A5B8-01A,3.527806424,2.623808929,2.543259102,3.001823879,4.081842766,5.270952056,3.646401874,3.271979181,5.444407045,4.582719754,2.862753262,4.755607508,6.395341826,4.931473415,0.059003504,6.311398674,0.090836882,8.385666357,6.864414124,6.191006408,3.872286167,5.182002262,4.43006137,5.431462866,3.905430256,Tumor
TCGA-VR-A8EW-01A,3.443983844,3.000309623,3.513866228,4.180059433,5.329925719,6.02495839,4.576237623,4.698424012,5.437892163,5.888257301,3.14413352,6.22935863,5.724455214,5.786068363,1.396025447,7.047200194,4.469875116,8.241328792,7.425750665,6.477285386,4.614803316,6.260559429,5.676772773,6.135710161,4.274102105,Tumor
TCGA-L5-A8NQ-01A,3.480027268,2.307982903,3.235068386,3.06662398,5.440269788,4.908796162,3.511774338,3.196676202,4.310685956,4.43582146,3.414817251,5.790468258,5.338514839,4.885460635,0.03329883,3.983965514,2.468761756,7.031495849,6.60595902,5.569887179,3.613589536,4.960115024,4.705111705,5.698743402,3.44578497,Tumor
TCGA-IC-A6RE-01A,3.610455076,3.017756761,3.915680718,3.871850204,4.855733038,4.850753705,4.440123788,3.971782413,5.813421336,4.744839687,3.599658431,6.270636027,5.514487169,5.665125492,1.760315934,5.738835974,3.55006169,8.051210265,6.68530478,6.426244536,4.519242418,5.759939642,5.257715849,6.539049367,3.760981126,Tumor
TCGA-VR-A8EP-01A,3.821944478,3.146992381,3.410378568,4.251914041,5.841584743,5.085158807,5.032629508,4.96030201,4.93611465,4.859643872,4.074307884,6.52366203,5.802917869,6.001335778,5.279433635,6.011433897,4.801814636,7.71024864,6.87286911,6.272867368,5.017971913,6.960877388,5.053406966,6.006715856,3.244326143,Tumor
TCGA-IG-A97I-01A,4.508115158,3.36633612,3.919853311,4.161817731,4.560680618,5.668723837,4.743576843,4.084585085,5.662197591,5.677309946,3.692131522,6.616246111,6.159940407,4.629585142,0.186145609,5.769296013,1.867371195,7.857467899,7.452479825,6.455038376,4.7697323,5.865590022,5.332561096,7.064982738,4.535868041,Tumor
TCGA-JY-A93D-01A,3.879212747,3.595649919,3.774798419,4.351068221,4.9970161,5.244514253,4.803302531,4.720315472,5.938081735,5.367562332,3.956594634,6.59885165,5.714636435,6.217093318,0.168568607,5.5195949,3.622051928,7.86816772,6.586956494,6.461867827,4.838527366,6.121117791,5.19381098,6.279070425,4.06569385,Tumor
TCGA-R6-A8WC-01A,5.031711607,3.849702538,4.027702701,4.770103802,6.403223616,4.90762204,4.913005046,5.618191278,5.226887654,5.034231611,3.436804284,6.788306158,6.282127567,6.459874206,2.837738244,5.746878045,4.529683288,8.780775926,7.401338519,7.318314213,5.197675157,7.441574238,5.146385174,6.735435213,3.363339596,Tumor
TCGA-L5-A8NJ-01A,3.552680022,2.727540328,3.353250261,4.133341833,5.557799614,4.781536699,4.256207598,4.453276806,5.230175285,4.726564611,3.723023392,6.706138511,5.928563717,5.373531096,1.551432685,5.752672915,0.68722831,8.31569362,7.025378202,7.011585666,4.515378144,6.202199375,5.449096674,6.428122471,3.975818731,Tumor
TCGA-L5-A8NE-01A,3.196447171,3.419856593,3.683277812,4.058600372,5.361099397,5.147679125,4.100559987,3.37926732,5.231411094,4.865375129,3.491222638,7.155392723,5.996786293,5.430595343,0.070373096,5.464814074,0.859151718,7.906355048,6.766292295,6.521286889,3.950336885,6.093144412,5.331162172,7.61541472,2.6836013,Tumor
TCGA-R6-A8W5-01B,4.205482135,3.586277387,3.591069709,5.175442865,5.728952865,5.064975313,5.214930327,4.23829854,5.825844757,4.87384421,3.63290052,6.47159519,6.21299828,6.522469214,5.117934415,6.082792295,3.933553346,8.347032104,7.108425805,6.832198498,4.638533336,7.314149158,5.31724647,6.20544592,4.190003994,Tumor
TCGA-L5-A8NS-01A,4.043091422,3.795530901,3.891646906,4.306386925,5.225325584,5.219562092,4.841540501,4.942591197,5.78509202,5.650001271,3.790292896,6.540484422,5.339309001,6.063229341,1.153806895,5.475989814,1.838725064,8.064122136,6.72281238,6.538365214,5.45191919,6.086395555,4.706167054,6.350892026,4.550532182,Tumor
TCGA-R6-A6L4-01A,3.069164076,2.952198819,2.829367134,3.503767447,4.581439277,5.132888394,3.498594571,3.844694199,5.713115704,4.752237166,3.758654017,5.858787737,5.679150614,5.319224519,0.163743828,4.509737614,2.779419432,8.040925691,6.366908941,5.872544374,4.490062206,5.194454697,4.521136957,5.233676794,2.652350607,Tumor
TCGA-R6-A6Y0-01B,3.325364892,2.950899087,2.929110538,2.992039107,5.485359933,4.813983807,3.787147847,3.565519271,4.645739227,4.642854894,3.617281809,5.929604416,5.814240145,5.532750155,0.398227531,3.95822966,1.789046399,7.156302929,6.294451831,5.251391908,3.789875205,5.354833475,4.590106234,5.535948357,2.751516306,Tumor
TCGA-LN-A49X-01A,4.015522502,3.542970291,4.400231149,4.533512974,5.441960097,5.414499873,5.898733173,4.678447533,6.140528296,5.750568287,3.982957207,6.495001245,6.128012804,6.245435773,0.177476036,6.712825351,3.79434339,8.431354278,7.080768263,6.75836736,4.81740066,6.584862072,5.50195596,6.756114335,4.662417875,Tumor
TCGA-LN-A9FP-01A,3.743619493,3.606649501,4.173520525,4.115459583,5.196883134,5.363716652,4.396547507,4.83130567,5.941710599,5.393039988,3.903200277,6.251983885,5.902156665,5.923368431,2.942230379,5.553690094,2.777299464,7.686641013,6.731514832,6.218347824,4.737798904,6.129817251,5.248472413,6.901410356,4.666407918,Tumor
TCGA-VR-A8EX-01A,3.474720297,2.646723901,3.797409311,3.560142907,5.54604598,4.868165674,3.563724136,4.033234152,4.659734629,4.94660232,3.504774297,6.327171905,5.767733727,4.992813005,0.144113312,4.473083255,2.899543493,7.799594803,6.819483791,6.20415401,4.438491724,5.73197682,5.281941047,6.244195238,3.173742396,Tumor
TCGA-L5-A4ON-01A,3.683918918,3.628155841,3.616161556,4.469123282,5.117492614,5.963814158,5.033199965,4.179066776,5.365046691,5.425616398,4.061945394,6.473236641,5.885072707,6.679369272,1.336640045,5.215936531,2.159550351,8.522313533,6.588256117,6.539938838,4.758350797,6.45234601,4.912510773,6.258523524,3.259086056,Tumor
TCGA-VR-A8EO-01A,3.646010295,4.162969101,4.746926385,4.778663765,5.749402029,6.102685393,4.60451585,5.389641812,5.585504311,5.660746122,3.000956877,6.089889545,6.733632407,5.452375427,5.980987948,8.435967918,4.040060833,8.970924235,7.798903893,7.678289352,4.406714999,6.743491197,6.408282492,7.00688075,4.821229725,Tumor
TCGA-LN-A49M-01A,3.837734081,2.634419859,3.54914792,3.557521652,4.691198327,5.372488844,4.135659549,4.232475631,5.162953896,4.542969068,3.467944177,5.879349139,6.025108699,5.449762572,0.105647941,6.130405199,3.640813708,8.145189494,6.906206806,6.405755169,5.741463187,5.867845152,5.22580007,5.823686446,3.850218684,Tumor
TCGA-LN-A8I0-01A,3.611112339,2.433109151,3.432768652,2.865651059,4.555227891,5.159643307,2.987937124,3.551187781,4.995596607,4.734891714,2.304824538,5.486740288,6.088325837,4.374240045,0.111105737,5.363698699,2.78828176,7.440238577,6.782608221,5.699794171,3.684679877,5.536478856,4.966052653,6.185259687,3.332581352,Tumor
TCGA-V5-AASX-01A,3.981353319,3.595205424,3.41676584,4.155647126,5.946694479,5.348319992,4.790735249,4.4437318,5.769392531,5.071779407,3.235143281,6.772754113,6.216466243,6.249390112,0.550074683,5.710051008,2.807253027,8.127407058,6.94804924,6.385675278,4.564123988,6.530832257,5.612058149,5.886809285,3.610406102,Tumor
TCGA-LN-A49S-01A,3.355502148,3.161918649,3.450666467,3.648457905,5.011170623,5.224435982,4.341246897,4.636294692,4.948063583,5.321769241,3.528778929,5.892937048,6.278591506,5.446014551,0.03301663,2.055030516,1.405643372,8.2555456,6.764510813,6.034063255,4.373324077,6.026010523,4.98542123,5.971522286,3.429445036,Tumor
TCGA-Z6-A8JD-01A,4.644139175,3.457298642,4.092951632,4.315281595,5.392261686,5.137131072,5.243575542,4.391352401,5.659447125,5.016219913,3.876746178,6.244792021,6.015676864,6.474087588,4.032888386,7.150187172,3.151896394,7.892421378,7.534592685,6.75857371,4.606921106,6.25104612,5.554962943,6.872997623,4.60346161,Tumor
TCGA-L5-A88V-01A,3.939412726,2.993366058,3.165427347,3.921202473,6.274630315,5.113480511,4.803209598,4.614880985,5.993417725,4.77159077,2.883926922,7.563945963,5.875237276,5.685787832,0.756718486,5.179207299,2.584002441,8.011392173,7.365242082,6.415461471,4.598562247,6.560418195,4.928147501,6.439597996,4.063478175,Tumor
TCGA-IG-A7DP-01A,3.29629461,3.078505953,3.639712621,3.898700088,5.077532014,5.142946454,3.747041684,4.019951136,5.145197949,4.723797526,3.590673593,5.553880013,5.368802288,5.194171682,0.073877255,4.736128304,1.169686693,7.393421667,6.626965439,6.252257246,4.263479789,5.174129491,4.892433692,6.171895372,3.903047469,Tumor
TCGA-KH-A6WC-01A,2.927564127,2.618208131,2.78445615,2.556616035,4.955218003,4.459780372,3.647144832,3.374180218,4.235083205,4.711734705,3.845188461,4.793409934,5.400933216,5.344201526,0.06386993,3.228531657,0.966445213,6.570683642,6.045373581,4.969298442,3.670375032,4.882811442,4.145735525,5.081970006,2.792473592,Tumor
TCGA-JY-A93E-01A,3.957858969,3.609512514,3.700766111,4.263529138,5.496689953,5.07024206,4.177823782,4.456054049,5.64231782,5.218918784,3.739752552,6.615258008,5.800642772,5.723151806,0.102464516,6.123323154,3.736996175,8.065844667,6.357959016,6.192729672,4.757990825,6.146459925,5.249883428,6.341019371,3.938957256,Tumor
TCGA-V5-A7RC-06A,3.882779235,4.107255061,4.61795821,4.349321955,6.226295093,4.759592041,5.212613151,5.337569876,6.289280157,5.628764661,3.313069989,6.581857546,6.303203729,6.067045102,0.935449179,7.390358467,0.483791038,8.270190104,7.317938046,7.206269942,4.658919261,7.178732439,5.611013925,7.09525987,4.590136815,Tumor
TCGA-VR-A8EY-01A,4.082073951,2.724831284,4.923854003,4.139212892,4.931835702,5.210282227,5.307842064,4.549331596,4.004431208,4.814547194,3.443182446,6.123746867,5.852151336,6.057189243,3.203837721,7.851614677,2.353739878,8.11789134,7.635251499,6.305098891,3.674609022,7.078245337,5.843096787,7.196095074,3.666566199,Tumor
TCGA-2H-A9GJ-01A,3.677987835,3.172642633,3.646957928,5.014648405,5.871534643,5.193179616,4.509873785,4.562502961,4.705128898,5.16576003,4.075634528,6.86470353,6.646464685,6.125203968,2.200118405,6.985441685,3.72658358,7.863651888,6.85092706,6.620404728,3.628603906,6.46829559,4.848121303,6.533639501,3.477253615,Tumor
TCGA-LN-A7HX-01A,3.82444082,3.069999958,4.280253947,4.872234695,5.726528076,5.106492177,5.065756433,4.540808441,3.684945262,5.287206838,3.726574539,6.435553901,6.57737631,5.970374016,0.02695456,6.109062012,1.035326668,8.227117285,7.10060258,6.429496263,5.323544966,5.995905697,5.252771369,7.301737585,4.075960727,Tumor
TCGA-VR-AA4D-01A,4.663367965,3.195017176,3.104912245,3.933277446,4.642378439,4.767858627,4.5501552,4.730245031,7.115498105,5.220862498,2.722321529,6.159395272,6.125725278,5.7076381,3.762406904,5.982237948,3.114074309,8.69761453,7.157151904,6.749743976,4.142126976,6.1308119,5.115965795,6.271642445,3.047105294,Tumor
TCGA-L5-A893-01A,3.70291734,3.055305442,3.401807127,4.332149057,5.80010202,5.203222138,4.077701029,4.110547937,4.673440909,4.893678028,4.191936597,5.826741047,6.141314996,5.584684606,0.10141053,4.980617396,0.949106811,7.90263837,6.859884103,6.630229931,4.486254342,5.535441423,5.399989422,6.230048961,3.25509861,Tumor
TCGA-2H-A9GI-01A,3.550236147,2.112546788,3.097927051,3.341140723,4.456158666,5.404957079,4.006427958,4.099518656,6.086308313,4.703375415,2.831748868,6.551642789,5.957984289,5.310299485,0.156594348,3.822846897,0.064904474,7.619461567,6.357078938,6.211121372,4.704828037,5.872556127,4.564962469,5.724397843,3.01203859,Tumor
TCGA-Z6-AAPN-01A,3.648194935,3.118326123,3.773550982,3.58802884,4.997221556,5.913392101,4.566917178,3.870436085,6.066420362,4.74942277,3.116210672,6.176326442,4.956566581,5.001118587,3.763945388,6.590162414,3.778672464,8.611487888,7.269180034,6.201745898,4.408651489,6.103924322,5.018971896,5.822138408,3.029522817,Tumor
TCGA-LN-A8I1-01A,4.265316804,2.676357336,3.66149035,2.9528134,4.646662816,6.431708318,3.614915247,4.226629439,4.819183057,5.137377327,2.686149306,6.422208521,5.744143152,4.270037793,0.286538965,4.093464799,0.376128282,7.442864218,7.532807588,6.682776423,4.184766199,5.864338127,5.731317115,7.423422805,3.805200198,Tumor
TCGA-LN-A49W-01A,4.351108767,3.176451637,3.983799889,4.145327118,5.026587542,5.59765204,5.031664343,4.161327148,5.898227672,4.995046194,3.822623721,6.207086799,5.805831869,7.267830773,3.208396608,6.641741903,4.225387636,8.270005088,7.076124884,6.546496437,4.877222261,6.074456091,5.008680743,5.928632401,3.91536892,Tumor
TCGA-V5-AASW-01A,3.593237162,3.17206392,3.583495849,4.385305816,5.623240247,4.85842435,4.301936956,5.356017338,5.537652504,4.929801005,3.296181103,6.74376953,5.966779001,5.883409871,0.442045054,5.451105697,3.055366951,8.537425683,6.880996088,6.69722434,4.727147342,6.643845483,5.445503413,6.149455883,3.017515381,Tumor
TCGA-IG-A8O2-01A,4.454750189,2.852385339,4.061208643,3.469893895,6.435447276,4.672325206,4.402813378,4.03004564,5.477492025,5.416726835,2.928867233,6.464214623,6.540653521,5.447717881,0.095824074,4.081353812,0.594465174,8.360148007,7.366728533,7.21287746,5.153352555,6.597142443,5.524567877,6.828280038,4.408842179,Tumor
TCGA-V5-A7RC-01B,4.151778653,3.9900435,4.291508307,4.706434404,5.938241523,4.779064898,4.773579586,5.093905218,5.927771148,5.610234079,3.701127241,6.885427381,6.531443903,5.741292358,0.420886468,7.988610296,3.492963838,8.117364177,7.260026685,6.824198232,4.457423782,6.936025907,5.832277844,7.271847129,4.411429708,Tumor
TCGA-VR-A8Q7-01A,3.466506873,2.858055239,4.379254136,4.112025669,5.385541158,5.478758281,5.162629808,4.593533736,5.456051289,4.692468098,3.068121519,6.212135707,5.360220118,6.08426581,4.651573848,6.93942926,4.822990084,8.612354836,7.069374081,6.556043759,4.37245312,6.94242411,4.910617201,6.468305472,3.775345082,Tumor
TCGA-JY-A939-01A,3.086816966,2.980985395,3.179550755,3.760604191,4.83476414,4.862345217,4.111624602,4.27694383,5.15861741,4.60346951,3.226189114,5.902693872,5.575706949,5.210359942,0.063037985,4.121925806,2.166555339,7.618378142,6.335648903,5.938777818,3.53442367,5.756595458,4.807534465,6.33717377,3.393228284,Tumor
TCGA-L5-A4OX-01A,4.662280734,2.966203608,3.529957843,5.051579057,5.20105759,5.483175316,5.448544255,5.044735845,5.973069108,4.80674591,4.600767976,6.511732236,5.962410576,6.667390779,0.045987142,5.373992048,3.069071111,8.41781256,7.288665302,7.078282619,6.043696067,7.521088548,5.707470819,5.621527541,3.697901901,Tumor
TCGA-L5-A4OU-01A,3.561431259,3.322616252,3.789147047,4.41776321,4.835622314,5.720623337,4.004041997,4.034467093,5.56410988,5.107957701,3.854959172,6.018846935,5.734045212,5.490313206,0.234381888,7.044750411,1.410951657,8.020456262,6.849078594,6.226089324,4.738794089,5.459433282,5.040862769,5.056737463,3.306587548,Tumor
TCGA-R6-A8WG-01A,4.248210988,3.575564085,3.866523483,4.862082078,5.381989362,5.01988396,5.022422605,5.280251759,5.548772656,5.469987715,3.652087742,7.450049103,6.635977293,6.074567498,6.917079145,7.383309057,4.408424867,8.679185487,7.188178132,7.413757158,5.478036013,6.595574427,5.483191107,5.774612122,3.476920127,Tumor
TCGA-L5-A8NV-01A,3.376343638,2.863440191,3.496252082,3.744521118,4.881567445,4.52066513,3.99514052,4.248626223,5.694226018,5.28102123,3.724545711,6.117694996,5.656032189,5.370699544,0.03584072,5.431544283,3.095716321,8.004601487,6.199617233,6.184944984,4.040015463,6.012560113,4.640083132,6.15300764,3.550327044,Tumor
TCGA-L5-A8NF-01A,3.37736824,3.060033325,4.021279471,4.829171439,4.831057246,5.294332269,4.312007191,3.545260809,6.143092389,5.417607642,4.107999272,6.960869676,6.248986535,5.821879956,3.264330374,7.109945112,4.147307734,8.288998671,6.661297131,6.793640911,4.595788836,5.943678331,5.118558573,6.824771938,4.339610351,Tumor
TCGA-Z6-A9VB-01A,4.002920031,3.267826133,3.905433326,3.857601596,5.095338629,5.364113294,4.87435769,4.309555341,5.53689929,5.486929825,2.858845109,6.194016301,6.413615912,5.70469504,0.148841583,6.048283802,3.69934349,8.353065228,7.234659871,6.610861541,4.303626722,6.217258822,5.690060965,6.714596312,4.150922266,Tumor
TCGA-L5-A4OP-01A,3.614493994,3.538958214,3.396462914,4.937768823,4.670724893,5.548048375,4.448296876,4.830629846,6.595171659,5.10998224,3.274094605,6.954478555,6.19584744,6.267349076,0.102344606,3.015228287,0.234008393,7.724897062,5.866681908,6.123313602,4.467951645,5.751444162,4.620550306,5.974028195,3.676382922,Tumor
TCGA-L5-A8NH-01A,4.170684102,3.227256432,3.830911108,4.497283443,5.879334016,5.371617777,4.289912444,4.168775668,5.632282463,4.969813932,3.682905665,7.192001659,5.955763364,6.441443162,0.900790694,5.191136253,3.708556955,8.812269495,6.937407422,6.70581881,4.368684962,6.662195769,5.319963482,6.30677881,3.806691843,Tumor
TCGA-LN-A7HW-01A,4.211572819,3.098864686,4.294154128,3.91213579,5.553328912,5.067023479,4.705426561,4.721539323,6.235266364,4.78472799,3.573660342,6.494854414,5.841472762,5.40094843,0.015760216,5.200206347,1.900421506,8.280427003,7.187269142,6.430389717,4.737649955,6.379236106,5.924852197,7.275695299,4.925417334,Tumor
TCGA-L7-A56G-01A,3.285293081,3.453678487,4.004979373,3.964572431,5.553933567,5.656236321,4.899566834,4.483586725,5.464319173,5.193474876,3.948241843,5.769048225,6.616736048,5.933664389,0.355530209,4.353359066,1.876770811,7.995614433,6.944667487,6.456928915,4.457960612,6.126820096,5.238626588,6.373456512,3.508599025,Tumor
TCGA-LN-A7HV-01A,3.252023597,2.579294996,3.274379921,3.352293501,5.266711037,6.029900174,4.091625596,4.044104495,4.821272481,4.849002455,3.227396012,5.92402995,6.260770126,5.178306972,0.704968382,3.508416827,3.555338007,8.107138446,7.142978568,6.356391998,4.168539129,6.010625681,5.808758106,6.145542859,3.132196419,Tumor
TCGA-IG-A5S3-01A,4.148042578,4.544943949,4.83377687,4.873511261,5.571557458,6.203629921,4.93305327,5.044194509,6.450555569,6.082267459,4.377936853,7.037328002,7.224234204,5.952234507,0.617273124,4.346956734,0.489307667,8.912605684,7.153576455,7.459964536,4.837617313,6.444004983,5.205249296,6.564879352,4.422540178,Tumor
TCGA-L5-A4OT-01A,3.737326299,3.287165161,3.561189205,4.719739841,5.244596069,5.56164866,4.753839046,5.162393845,5.855845269,5.13389486,3.902507855,6.220540531,5.716741797,6.443063938,0.045192401,5.650362867,3.462998207,8.290402221,6.919035149,6.595738709,4.588075035,6.812912403,4.885141158,5.70189451,3.322238009,Tumor
TCGA-L5-A4OH-01A,4.084573146,3.557753265,3.984315495,4.604278461,5.492237715,5.365228052,4.302326624,5.532365373,5.686710756,5.09516208,3.995549657,6.165360783,6.51408864,5.568300463,0.055337698,5.998633449,4.769414334,8.705759924,7.126654193,6.788549012,4.634105576,6.408127147,5.319637706,6.302814047,3.58588902,Tumor
TCGA-L5-A8NR-01A,3.764459576,3.232083648,3.225573565,4.508791969,4.888167965,5.122625439,4.70458107,3.827482134,6.007928774,4.96412261,3.231808508,6.790526648,6.193218482,5.907002993,1.263806224,6.533667729,3.849969521,8.187324279,6.74363241,6.410099499,5.237832516,5.807054007,4.803236819,5.782959163,3.118594976,Tumor
TCGA-JY-A6FE-01A,4.055345881,2.964317373,4.494479479,3.643831356,6.044923486,5.089960211,3.910011163,4.40103189,6.524262128,4.340724494,3.039658434,6.687601306,5.494988973,4.730838849,1.855187325,6.662267306,2.741558201,7.973337358,7.179814674,6.666105188,4.142267917,5.801303219,5.868518115,6.896572101,4.921231755,Tumor
TCGA-IG-A4P3-01A,3.619889871,3.325475053,3.269166704,4.044463182,5.063792717,5.60085795,4.179118812,4.460687317,5.908194419,5.31582462,3.637735729,5.892738005,5.955920453,5.457829773,0.474058139,4.132920896,3.397290422,8.168025689,7.146870362,6.480575847,4.663323457,5.978705229,5.337396259,5.708625204,4.346480992,Tumor
TCGA-IG-A3QL-01A,3.21261437,3.162704983,4.621486954,3.491699436,5.576224511,5.30618309,4.836260369,5.312549476,5.244905671,4.862445361,3.085286352,6.014955378,6.215424888,6.084662391,3.438947466,6.444750993,3.53363162,8.456262751,7.488228331,7.031913574,4.580860591,6.045229685,5.952345872,6.871210688,3.391865959,Tumor
TCGA-Z6-A8JE-01A,5.239213529,3.417689497,4.533864003,4.305347057,4.689725499,5.509729601,4.62139503,4.477652885,6.067767398,5.701807558,3.009039985,6.31435419,6.235486769,5.53845106,1.293710501,6.03750614,4.60858917,9.004827842,7.390001803,7.138006786,5.050161281,5.830789185,5.05236447,6.265766409,4.583287713,Tumor
TCGA-RE-A7BO-01A,3.417565508,2.255264581,3.035476868,3.911063098,4.622761394,5.038083877,4.545062104,4.400617647,4.896652379,4.281477177,3.721796627,6.453827221,5.767321315,5.572197241,0.069866455,5.470439678,3.65333424,8.178227045,6.799068932,6.406971528,3.988682178,6.579454172,5.183116065,5.385641263,2.427667089,Tumor
TCGA-XP-A8T6-01A,3.585973666,2.697916779,3.408022319,3.949133879,5.448231102,4.991394903,3.950603759,3.80999956,5.670036026,5.025210443,3.28298585,5.600445774,5.570217055,5.370678887,1.149485827,5.334369835,4.384945313,7.786190682,7.027507045,6.098501508,4.434706675,6.103203802,4.863432173,6.386700752,4.71676726,Tumor
TCGA-IG-A3YB-01A,3.959629122,3.195310779,4.466061316,3.416850987,4.626086476,4.514011677,4.182115103,4.326019419,4.418333955,4.970941728,2.664604073,6.136300022,5.593201667,5.372480008,0.010163239,1.291839339,0.110289991,6.915456079,6.197108753,5.832723868,3.749089699,5.871043547,4.80623611,6.369747587,4.086306904,Tumor
TCGA-VR-A8EQ-01A,3.155615082,2.261555167,3.515816082,4.097934604,5.852397634,4.641145414,4.353986631,3.885736291,4.236035242,4.545365453,3.209498558,5.471767727,5.255830312,5.458099909,0.115109318,6.548403123,3.294216739,7.502853312,6.883986379,5.902600613,3.929077814,6.217716555,5.364469108,6.969400322,3.013691025,Tumor
TCGA-LN-A9FQ-01A,3.351160072,2.698118531,4.270900919,4.096316084,5.500467102,5.323994606,4.973905345,4.504643513,6.011469406,5.297073305,3.16128264,6.874446437,5.931907561,6.084670639,1.366310402,5.642917011,4.63808248,8.273343466,7.119043837,6.80856315,4.2297157,7.06856507,5.813361852,6.800173994,4.642612536,Tumor
TCGA-IG-A50L-01A,4.07351129,3.120849672,4.52044264,3.967673334,5.574225139,5.657335095,4.649325498,4.74463311,5.745396865,5.361189496,3.798122887,7.017466617,6.093516913,5.721837789,0.323712353,6.785780258,4.002762238,8.571420922,7.428323246,6.709834252,4.686145532,6.962942349,5.438414865,6.86530364,3.970797628,Tumor
TCGA-LN-A4A3-01A,3.710724218,3.408361577,4.062145438,3.916680771,4.920289838,5.258663661,5.062723141,5.614068723,5.70870056,5.06655706,4.027047213,6.26085985,5.858402578,6.188334611,2.620030904,7.365071623,1.092992398,8.45636759,6.673038162,6.240973817,4.298523008,6.403102135,4.76747278,6.421149101,4.074049916,Tumor
TCGA-IC-A6RF-01A,3.68288075,3.225841156,3.943227322,4.035800632,6.146884409,5.258149581,4.105575762,4.257472168,5.242884067,4.795211578,4.379765415,6.195716676,6.254262307,5.462979901,3.311884646,7.216802528,0.394448096,7.511656674,6.644162825,6.395307093,4.369433282,6.651173781,5.177986079,6.37917801,3.608134689,Tumor
TCGA-2H-A9GO-01A,3.486468229,2.656515066,3.582456187,3.893814425,3.850353456,5.148268008,4.092842129,3.972089952,5.213068447,4.360204698,2.437496803,6.232395611,5.692492502,5.360682567,0.658745841,5.736898168,0.627407881,8.412129471,6.341460366,6.410649004,4.144629638,6.129655,4.805615504,6.00958154,2.472767472,Tumor
TCGA-L5-A4OS-01A,4.40866029,2.959061158,3.957034346,4.049738414,5.830306469,5.25555043,4.509431171,4.281942523,5.858599331,4.788318413,3.802114588,6.801554847,5.414294704,5.791213986,4.816773916,6.399871144,4.270487288,8.206933087,6.857809922,6.211810132,4.105538309,6.243750046,4.982046094,6.29917577,3.41172384,Tumor
TCGA-LN-A9FR-01A,4.161714248,3.046197755,4.788214503,4.23212651,5.526456424,5.698650234,5.148887002,4.315093207,5.91032141,5.050050468,3.704016933,6.040316177,6.126195367,6.377665046,3.106828982,7.082917251,4.544894253,8.288179146,7.397556523,6.54572863,4.524119247,6.685140862,5.609724507,6.983176587,4.63024633,Tumor
TCGA-L5-A8NG-01A,4.315802705,3.309180471,4.021102707,4.151451352,5.261048783,5.322142399,5.004868584,4.506925914,5.963739905,5.059406494,3.661424577,6.528285262,5.869519523,6.164531131,0.212570192,5.671772403,3.394331799,8.138138017,6.654769553,6.511860321,5.199268081,6.395913173,5.151687334,6.343526799,4.049633498,Tumor
TCGA-LN-A9FO-01A,4.386445941,3.809261407,4.380258832,5.130495787,5.259883889,6.873637447,4.943044267,4.692666013,4.909638174,5.035583788,4.155590517,6.563807763,6.876718201,6.699635399,4.774871073,5.374299156,3.691742304,8.46519595,7.763098181,7.205982524,5.838799911,6.415846225,5.345299849,6.850784491,4.63558769,Tumor
TCGA-L5-A8NM-01A,4.079490164,3.597168199,4.289297814,4.51102067,5.429818226,5.495653881,4.945431929,4.435088599,5.04149978,5.077668633,4.382385433,6.1908083,6.291554394,6.417467712,0.061442597,5.886833833,1.267427024,8.440108494,7.325579033,6.634450775,4.691474922,6.871193363,5.553808771,6.64968073,3.479602571,Tumor
TCGA-L5-A88W-01A,4.047902849,3.034988051,4.112774464,3.646296682,5.967757032,5.047239454,3.993371069,3.845983902,5.043272197,4.398200656,3.930856227,5.886394516,6.068441331,5.279862092,0.077472883,5.9547747,3.142295628,7.731497085,7.246738745,5.947162482,3.544114288,5.893761287,5.057112849,6.42421893,3.534226677,Tumor
TCGA-L5-A8NT-01A,3.938308091,3.388307609,3.360548467,3.635482962,5.00512846,5.221962373,4.655338647,4.603061307,6.471547746,5.203200487,3.439174956,6.072380752,5.993908233,5.990705981,0.372316986,6.12206863,3.498046262,7.942769299,6.676390335,6.231571394,4.717588049,5.503123656,5.2501461,6.034349748,4.128541284,Tumor
TCGA-L5-A891-01A,3.581604877,2.451052302,2.917829893,4.111681254,6.313940657,5.186011611,4.314142402,4.127005268,4.712429635,4.431362305,2.67172611,5.269082701,6.606539177,5.343219625,3.640721862,5.82425393,1.900633926,7.962663239,7.214081929,6.35518069,4.443743593,6.57002916,5.569884577,6.414836819,2.981480426,Tumor
TCGA-VR-A8EU-01A,3.110967461,2.996851058,3.076529944,4.292027461,5.404759282,5.674708494,4.644487438,4.913331746,4.867736394,4.688863533,3.819403288,5.914037724,5.841159279,5.232495425,0.061948757,7.085377829,5.118593691,8.239771719,7.413952118,6.667360321,4.582873121,5.849357193,5.451300604,5.611769761,4.543497967,Tumor
TCGA-JY-A93F-01A,3.677400749,3.074397617,4.402049717,3.124415933,5.659704364,4.715516208,4.414246005,3.655628455,5.388756231,4.938378288,4.130407199,5.3310717,6.130494066,5.52578739,2.218904156,6.040876403,0.060582649,7.750334866,7.014526282,5.837285868,4.154752898,5.603625755,5.09645027,6.327014815,2.958026293,Tumor
TCGA-L5-A8NI-01A,3.564380728,3.357932824,4.294926031,3.759136908,5.585243665,5.583325427,4.651601786,3.799525303,5.235768983,5.036786613,3.419514353,6.244402232,5.929592535,5.701747824,0.326389108,5.631481058,2.224059664,8.38151927,7.147043547,6.760214515,4.42936818,6.940288883,5.546926516,5.867032804,3.852476048,Tumor
TCGA-R6-A6KZ-01A,3.887825281,3.910061666,3.691729457,4.108939021,5.704401519,5.360395254,4.633971152,4.656888577,6.497459933,5.274836472,4.331792532,6.505116974,5.854976965,5.969445362,5.718536971,6.510272,3.809600968,8.726184128,6.982912398,6.753262768,3.874496033,6.477651592,5.474709366,5.592586853,3.473052814,Tumor
TCGA-R6-A8W8-01B,4.28541027,3.912185237,4.019577648,4.402600482,5.668989541,5.263833461,4.631257996,5.597703366,5.650201103,5.040629708,3.85377911,6.491754238,5.955545713,5.859619806,0.118772092,5.645201224,0.535050813,8.192210597,6.985402949,6.518204815,4.821902576,5.774240658,5.305803359,6.790759544,3.123267059,Tumor
TCGA-R6-A6XG-01B,3.593503942,2.790194555,3.32015742,4.043493248,5.078000778,4.809452425,3.655236997,4.613809292,5.653601033,4.60620597,3.463401018,6.112366302,6.15510458,5.544393102,0.536427558,5.853326785,3.924928179,8.024284907,7.369237146,6.315214357,3.31580519,6.266079359,5.324995493,6.046678861,3.285830079,Tumor
TCGA-LN-A49P-01A,3.694715756,3.416244645,3.913559388,4.141316132,4.482535222,5.384220889,5.101077692,5.36031671,5.538975525,5.100498229,3.436576313,6.277943415,6.214491614,6.244228251,0.09160421,5.30303401,2.093169045,7.885614601,6.958967931,6.674739024,5.484690563,6.363611025,5.208007375,6.442005076,3.744395514,Tumor
TCGA-LN-A8HZ-01A,4.161812351,2.461341044,3.519008752,4.024174487,5.374179809,5.104959908,4.215108965,4.12770604,4.93657197,4.698331677,3.1172697,6.243515648,5.401249962,4.98314364,3.246803854,6.899427028,4.590962872,8.385736393,7.458453316,6.468152655,4.30760115,6.704216589,5.506509381,6.497472777,4.071479853,Tumor
TCGA-LN-A4A9-01A,3.65530816,3.534889298,3.483145836,3.421618371,5.054139782,5.785695369,4.674264306,4.443046268,5.794038335,5.908322044,4.472098403,5.63611956,5.812615615,6.38094745,0.128656896,6.273245321,2.622423975,7.694680846,6.445882265,5.985573057,4.656739783,4.776743177,4.645874524,6.401934407,3.406401639,Tumor
TCGA-VR-A8EZ-01A,3.714878858,2.241317205,3.414343124,3.465822834,5.176652829,5.657283344,3.762629871,4.116907623,4.438310594,4.826912819,3.257998057,5.762196023,5.558720109,4.708420888,0.633975567,4.195214574,2.491466837,7.9202737,7.501417531,7.141235171,4.548197628,6.631725431,5.625670486,6.224323003,3.061327761,Tumor
TCGA-LN-A4A8-01A,4.728655888,4.055158626,4.473351265,4.819276486,5.755512438,6.129737462,4.834619336,5.707977572,6.354312722,5.697194327,3.668789965,8.434838352,6.888823442,6.20772914,3.757837541,3.501447139,3.85849929,8.467147684,7.667563113,7.477310196,5.690252472,6.391283461,6.3140658,6.134562319,4.398315764,Tumor
TCGA-2H-A9GF-01A,4.128697684,3.510157026,3.387658662,4.98482282,6.237274317,4.576229705,5.021714024,4.112328893,4.558291312,5.02397528,3.542950384,7.150983322,6.478321039,5.331039018,2.580764558,6.055266459,5.00333296,8.218435507,7.242286122,6.42982951,4.901160084,6.50849134,5.277383147,6.477202232,4.019859237,Tumor
TCGA-L5-A4OJ-01A,3.90665008,3.679234828,3.708731274,4.640308316,5.164473102,5.375189333,4.316592379,4.750761555,5.417566087,5.03398698,3.871885477,6.438174798,6.337089419,5.869792595,0.437253396,5.595434689,4.002670039,7.901880316,6.862329838,6.469700186,4.068207373,6.744470552,5.347166537,6.748282153,2.962588248,Tumor
TCGA-L5-A43C-01A,3.741814495,2.805854098,3.324453691,3.405909243,4.976505286,5.321841559,3.956969694,4.74523776,5.751253223,4.617591756,3.530803812,5.396156183,5.418289429,5.368541739,0.208188091,4.56561554,2.628046301,7.74492356,6.552178732,6.045948448,3.90291109,5.032158594,4.912991267,5.977523184,3.327899649,Tumor
TCGA-XP-A8T8-01A,3.888598399,3.185850866,3.819385624,4.270114885,5.402442742,5.735746187,4.408189159,4.134927329,4.905013499,5.658241039,3.998132778,6.218119588,6.872504768,5.352272375,0.230238921,6.335231711,4.656883097,8.525312407,7.324933122,6.703796101,4.902832669,6.591337745,5.378075238,6.037089446,4.698115122,Tumor
TCGA-2H-A9GN-01A,3.612244054,2.738149904,4.07194262,5.106531986,5.657394325,5.766162,4.86789165,4.655086023,4.903136074,4.905226246,4.009701396,6.60905853,5.852286259,6.339658721,5.743687494,7.135662898,3.456923044,8.693278648,7.341889159,7.399670708,5.008410603,8.050001347,5.520957629,6.310270965,3.298004887,Tumor
TCGA-LN-A5U5-01A,4.365110535,2.860643248,4.520224996,3.670048628,4.607342756,5.891592863,4.064894536,4.079933688,5.835102758,4.819356075,3.438902513,5.774001384,5.987292434,5.579067364,2.891653573,4.782107996,3.111238331,8.516371447,7.608362636,6.836491867,4.610591943,6.476103928,5.551919766,7.20142567,4.056266867,Tumor
TCGA-R6-A6DQ-01B,3.226952892,3.073988453,3.547845345,3.862245967,4.781584337,5.414693017,4.502463907,4.828045575,5.330165489,4.471500197,3.569944802,5.803100116,5.431025279,5.989103837,4.156501445,7.163097342,4.105021933,8.052366024,6.819049237,6.572987451,4.465898694,6.420330429,5.161293404,5.690293306,3.311630383,Tumor
TCGA-2H-A9GH-01A,4.144768612,3.265947513,3.73317759,4.614988328,5.739698847,5.683093695,4.626235266,5.015813782,6.223555974,5.050335631,3.912199328,6.06410883,6.210315287,6.279809658,0.323701465,6.964242679,4.072177836,8.426292634,6.968403478,6.661087144,4.916140139,6.355875162,5.229072052,6.659481021,4.163487461,Tumor
TCGA-JY-A6FG-01A,3.039971296,2.09653066,3.072386565,2.458403271,5.131530531,4.2137574,3.197207692,3.123095731,4.547902688,4.131059652,3.076438136,5.043198252,5.223688398,4.241469145,0.033981253,5.141695261,2.613498176,6.492250256,6.288833156,5.285428997,3.016209739,5.027740449,4.209680602,5.34406913,2.926685338,Tumor
TCGA-LN-A5U7-01A,4.222420025,3.405116424,4.683433595,4.672136925,5.705187284,5.350225543,4.971221804,5.486141554,6.612616127,5.158271795,4.369451369,6.852886543,6.540490441,6.355470248,0.196416038,7.752296197,4.758517192,8.665684661,7.451372586,7.058046572,5.548950031,6.541971191,5.998090224,7.310528812,4.825499133,Tumor
TCGA-IG-A51D-01A,4.208861734,4.067314964,4.598409418,5.072074488,5.707257083,5.847787375,5.190294103,4.143905904,4.963870791,5.113900394,3.750021054,6.880266831,6.869647185,6.157942829,0.225192195,7.253959665,0.263453631,8.585966745,7.30490082,6.825570165,4.936716278,6.204188087,5.376885173,7.058153309,4.46727843,Tumor
TCGA-IG-A3YC-01A,3.493832783,3.058595698,3.403290795,3.192147367,4.861501399,4.857261073,4.377087115,4.992539488,6.125987266,4.779793685,3.1538458,5.552245521,5.678976704,5.424677098,0.267650106,5.421688148,0.660298075,7.87179324,6.326311011,5.969307448,4.351938106,4.957286813,4.601319231,6.061705814,3.740854564,Tumor
TCGA-LN-A4MQ-01A,4.492136183,3.316880519,4.146462678,4.950765337,5.15568499,5.282954518,5.031227503,4.621144989,5.955469416,5.15891485,3.575075561,5.85845199,6.385498693,6.261858617,0.568282894,4.26570679,4.03970826,8.332190704,7.141046381,6.661885852,5.136571183,6.41948564,5.443772859,6.923160399,3.881895235,Tumor
TCGA-L5-A43J-01A,4.770483595,3.215897557,4.337831152,4.183176791,4.405115298,4.568925613,5.394992638,4.779553526,5.520741192,5.622055266,3.354807299,6.142536647,5.17982697,6.411609461,1.914450009,7.788142597,1.279844444,7.94483263,7.317743855,6.415321785,5.296878234,6.530770891,5.374970363,6.929272075,4.886324236,Tumor
TCGA-L5-A4OE-01A,3.24338002,3.284890589,2.939287173,4.543543218,5.581978693,5.56757846,4.472655217,5.183918089,5.248562766,5.1111304,3.887668164,5.822947721,5.997163307,6.10116123,0.060991776,6.554593138,3.864777667,8.206505943,7.041797654,6.291049814,4.932326866,5.903072469,4.795412014,5.32215443,2.469775497,Tumor
TCGA-S8-A6BW-01A,4.067556024,3.039509406,4.53403572,4.138847996,5.457839191,5.727743164,4.330897868,5.097896268,5.723742738,4.900228208,3.074501061,6.398410078,6.055771693,6.289335418,0.534639084,6.151407625,5.026532409,8.053830009,7.221352544,6.635764416,4.760519346,6.554528564,5.754637353,6.199573678,4.462268875,Tumor
TCGA-V5-A7RB-01A,3.930136413,3.573810268,3.656065749,4.403681713,5.178345497,4.895381306,5.26623271,4.871767137,5.685464565,4.959387724,3.911754527,6.38061803,5.884378167,5.461908722,0.029249123,5.953816587,6.360682174,9.017400465,7.013695227,6.547283104,4.367878043,5.908719505,5.359628832,6.191752377,2.958732959,Tumor
TCGA-M9-A5M8-01A,2.795731214,3.43672151,3.384345297,4.072366453,5.149764938,5.061085151,4.714907673,4.146834721,6.211007882,5.180811192,3.791616965,6.445619684,6.294627826,6.336923513,3.3346612,6.245506197,3.265718896,8.211840038,6.700020754,6.519576406,4.390407118,6.956854414,5.604357563,5.931991268,3.917837659,Tumor
TCGA-VR-AA4G-01A,3.795430544,3.954498884,4.341724823,4.451711714,4.893835476,5.893431857,4.430044653,3.653416161,5.878090721,5.97350921,4.411311092,6.068029686,6.091455762,5.7545374,2.127804632,6.450939427,3.811396659,8.469531453,6.856777722,6.508611931,4.615974675,5.844068318,5.421316713,6.376580903,4.304373485,Tumor
TCGA-L5-A8NK-01A,3.459488213,3.577860689,3.67236423,3.650307882,5.028819467,5.137874444,4.406761254,4.560880619,5.667172925,5.112309297,3.821902714,5.387321358,6.033838105,5.613070553,2.018864114,4.410090548,1.418057401,7.810159516,6.665433834,5.877558198,4.423267026,5.759073341,4.340922444,5.573596602,3.841432504,Tumor
TCGA-V5-AASV-01A,3.897342017,3.430454698,3.229227009,4.028751485,5.995850127,5.237792644,3.903168912,4.499651582,5.618303167,5.005024456,4.075572275,5.781832873,6.501163634,5.772789859,0.850478404,4.766904988,4.459738021,8.492237105,7.309599297,7.066735702,4.23445757,6.163420713,6.153224747,6.399943104,4.123497187,Tumor
TCGA-L5-A8NN-01A,4.857821658,4.087014941,3.842142501,4.435505646,5.869524876,5.343284142,5.020757051,5.566067473,5.821330297,5.30306824,4.934869663,7.239731333,6.259547071,6.405782674,6.31178088,6.693283863,4.840327114,8.606156421,7.690047253,7.32492196,4.224141086,6.314814428,5.479950386,6.622619118,3.746891454,Tumor
TCGA-IG-A6QS-01A,4.246786645,3.014406667,3.80819468,4.065969181,4.925318538,5.785498879,3.684175501,4.476534618,4.442295173,5.025314225,3.404231834,6.231578637,5.832595227,5.090507381,0.01277884,5.879618161,1.881753236,7.795110154,7.485080059,6.456062701,5.061002504,6.104649368,5.33841887,6.755483156,3.4966105,Tumor
TCGA-L5-A4OO-01A,3.666295523,3.543027638,3.120580764,3.947134475,5.120353884,5.191027977,3.984966483,4.370924902,6.109577005,5.232383797,4.037354255,6.095260722,5.901003574,5.607413988,0.392395086,5.514189776,1.348640799,7.85992688,6.373003747,6.105805098,4.597012486,4.492397177,4.407178448,5.735858182,3.605037644,Tumor
TCGA-VR-AA7I-01A,4.53166069,3.289596403,3.974542278,3.652502476,5.235080948,5.650006655,4.533219347,3.941667523,5.788923442,4.896178243,3.631302,5.754825608,5.90813662,5.457011726,2.129212414,6.425451973,2.917627099,8.364217766,7.280192642,6.349403919,5.120685442,5.222583189,5.343626252,6.93224934,4.097406581,Tumor
TCGA-L5-A4OW-01A,3.80958365,2.680372839,3.666622339,3.965896535,5.192633136,5.395508369,4.845627482,4.426603108,6.201947783,4.871618035,3.864653447,6.02418409,5.526943548,6.039988027,0.29421529,5.866361389,3.502765828,8.328661489,6.466544214,6.479557553,4.9102353,6.259886185,5.14323853,5.993475793,3.240892181,Tumor
TCGA-2H-A9GQ-01A,4.527001831,3.980760378,4.123077835,4.096223724,5.481062493,5.588548595,5.828862179,4.902531535,6.942853027,5.793601072,4.2382778,6.697447855,7.034248076,6.895370495,3.467877013,4.212216378,4.39188028,8.126519385,7.704151006,6.817413829,6.180400675,7.304696247,5.790807355,6.501678894,4.164492752,Tumor
